<?xml version="1.0" encoding="UTF-8"?>
<GenRun Id="impl_1" LaunchPart="xc7a100tcsg324-1" LaunchTime="1626103217">
  <File Type="OPT-HWDEF" Name="RV32IM_Core.hwdef"/>
  <File Type="ROUTE-BUS-SKEW" Name="RV32IM_Core_bus_skew_routed.rpt"/>
  <File Type="PA-DCP" Name="RV32IM_Core.dcp"/>
  <File Type="BITSTR-BMM" Name="RV32IM_Core_bd.bmm"/>
  <File Type="OPT-METHODOLOGY-DRC" Name="RV32IM_Core_methodology_drc_opted.rpt"/>
  <File Type="INIT-TIMING" Name="RV32IM_Core_timing_summary_init.rpt"/>
  <File Type="ROUTE-PWR" Name="RV32IM_Core_power_routed.rpt"/>
  <File Type="PA-TCL" Name="RV32IM_Core.tcl"/>
  <File Type="OPT-TIMING" Name="RV32IM_Core_timing_summary_opted.rpt"/>
  <File Type="OPT-DCP" Name="RV32IM_Core_opt.dcp"/>
  <File Type="ROUTE-PWR-SUM" Name="RV32IM_Core_power_summary_routed.pb"/>
  <File Type="REPORTS-TCL" Name="RV32IM_Core_reports.tcl"/>
  <File Type="OPT-DRC" Name="RV32IM_Core_drc_opted.rpt"/>
  <File Type="PWROPT-DCP" Name="RV32IM_Core_pwropt.dcp"/>
  <File Type="PWROPT-DRC" Name="RV32IM_Core_drc_pwropted.rpt"/>
  <File Type="PWROPT-TIMING" Name="RV32IM_Core_timing_summary_pwropted.rpt"/>
  <File Type="PLACE-DCP" Name="RV32IM_Core_placed.dcp"/>
  <File Type="PLACE-IO" Name="RV32IM_Core_io_placed.rpt"/>
  <File Type="PLACE-CLK" Name="RV32IM_Core_clock_utilization_placed.rpt"/>
  <File Type="PLACE-UTIL" Name="RV32IM_Core_utilization_placed.rpt"/>
  <File Type="PLACE-UTIL-PB" Name="RV32IM_Core_utilization_placed.pb"/>
  <File Type="PLACE-CTRL" Name="RV32IM_Core_control_sets_placed.rpt"/>
  <File Type="PLACE-SIMILARITY" Name="RV32IM_Core_incremental_reuse_placed.rpt"/>
  <File Type="PLACE-PRE-SIMILARITY" Name="RV32IM_Core_incremental_reuse_pre_placed.rpt"/>
  <File Type="PLACE-TIMING" Name="RV32IM_Core_timing_summary_placed.rpt"/>
  <File Type="POSTPLACE-PWROPT-DCP" Name="RV32IM_Core_postplace_pwropt.dcp"/>
  <File Type="BG-BIN" Name="RV32IM_Core.bin"/>
  <File Type="POSTPLACE-PWROPT-TIMING" Name="RV32IM_Core_timing_summary_postplace_pwropted.rpt"/>
  <File Type="PHYSOPT-DCP" Name="RV32IM_Core_physopt.dcp"/>
  <File Type="PHYSOPT-DRC" Name="RV32IM_Core_drc_physopted.rpt"/>
  <File Type="BITSTR-MSK" Name="RV32IM_Core.msk"/>
  <File Type="PHYSOPT-TIMING" Name="RV32IM_Core_timing_summary_physopted.rpt"/>
  <File Type="ROUTE-ERROR-DCP" Name="RV32IM_Core_routed_error.dcp"/>
  <File Type="ROUTE-DCP" Name="RV32IM_Core_routed.dcp"/>
  <File Type="ROUTE-BLACKBOX-DCP" Name="RV32IM_Core_routed_bb.dcp"/>
  <File Type="ROUTE-DRC" Name="RV32IM_Core_drc_routed.rpt"/>
  <File Type="ROUTE-DRC-PB" Name="RV32IM_Core_drc_routed.pb"/>
  <File Type="BITSTR-LTX" Name="debug_nets.ltx"/>
  <File Type="BITSTR-LTX" Name="RV32IM_Core.ltx"/>
  <File Type="ROUTE-DRC-RPX" Name="RV32IM_Core_drc_routed.rpx"/>
  <File Type="BITSTR-MMI" Name="RV32IM_Core.mmi"/>
  <File Type="ROUTE-METHODOLOGY-DRC" Name="RV32IM_Core_methodology_drc_routed.rpt"/>
  <File Type="ROUTE-METHODOLOGY-DRC-RPX" Name="RV32IM_Core_methodology_drc_routed.rpx"/>
  <File Type="BITSTR-SYSDEF" Name="RV32IM_Core.sysdef"/>
  <File Type="ROUTE-METHODOLOGY-DRC-PB" Name="RV32IM_Core_methodology_drc_routed.pb"/>
  <File Type="ROUTE-PWR-RPX" Name="RV32IM_Core_power_routed.rpx"/>
  <File Type="ROUTE-STATUS" Name="RV32IM_Core_route_status.rpt"/>
  <File Type="ROUTE-STATUS-PB" Name="RV32IM_Core_route_status.pb"/>
  <File Type="ROUTE-TIMINGSUMMARY" Name="RV32IM_Core_timing_summary_routed.rpt"/>
  <File Type="ROUTE-TIMING-PB" Name="RV32IM_Core_timing_summary_routed.pb"/>
  <File Type="ROUTE-TIMING-RPX" Name="RV32IM_Core_timing_summary_routed.rpx"/>
  <File Type="ROUTE-SIMILARITY" Name="RV32IM_Core_incremental_reuse_routed.rpt"/>
  <File Type="ROUTE-CLK" Name="RV32IM_Core_clock_utilization_routed.rpt"/>
  <File Type="ROUTE-BUS-SKEW-PB" Name="RV32IM_Core_bus_skew_routed.pb"/>
  <File Type="ROUTE-BUS-SKEW-RPX" Name="RV32IM_Core_bus_skew_routed.rpx"/>
  <File Type="POSTROUTE-PHYSOPT-DCP" Name="RV32IM_Core_postroute_physopt.dcp"/>
  <File Type="POSTROUTE-PHYSOPT-BLACKBOX-DCP" Name="RV32IM_Core_postroute_physopt_bb.dcp"/>
  <File Type="POSTROUTE-PHYSOPT-TIMING" Name="RV32IM_Core_timing_summary_postroute_physopted.rpt"/>
  <File Type="POSTROUTE-PHYSOPT-TIMING-PB" Name="RV32IM_Core_timing_summary_postroute_physopted.pb"/>
  <File Type="POSTROUTE-PHYSOPT-TIMING-RPX" Name="RV32IM_Core_timing_summary_postroute_physopted.rpx"/>
  <File Type="POSTROUTE-PHYSOPT-BUS-SKEW" Name="RV32IM_Core_bus_skew_postroute_physopted.rpt"/>
  <File Type="POSTROUTE-PHYSOPT-BUS-SKEW-PB" Name="RV32IM_Core_bus_skew_postroute_physopted.pb"/>
  <File Type="BG-BIT" Name="RV32IM_Core.bit"/>
  <File Type="POSTROUTE-PHYSOPT-BUS-SKEW-RPX" Name="RV32IM_Core_bus_skew_postroute_physopted.rpx"/>
  <File Type="BITSTR-RBT" Name="RV32IM_Core.rbt"/>
  <File Type="BITSTR-NKY" Name="RV32IM_Core.nky"/>
  <File Type="BG-BGN" Name="RV32IM_Core.bgn"/>
  <File Type="BG-DRC" Name="RV32IM_Core.drc"/>
  <File Type="RDI-RDI" Name="RV32IM_Core.vdi"/>
  <File Type="WBT-USG" Name="usage_statistics_webtalk.html"/>
  <FileSet Name="sources" Type="DesignSrcs" RelSrcDir="$PSRCDIR/sources_1">
    <Filter Type="Srcs"/>
    <File Path="$PSRCDIR/sources_1/new/RV32IM_ALU.v">
      <FileInfo>
        <Attr Name="ImportPath" Val="$PPRDIR/../../riscv - Copy/riscv/riscv.srcs/sources_1/new/RV32IM_ALU.v"/>
        <Attr Name="ImportTime" Val="1615561006"/>
        <Attr Name="UsedIn" Val="synthesis"/>
        <Attr Name="UsedIn" Val="implementation"/>
        <Attr Name="UsedIn" Val="simulation"/>
      </FileInfo>
    </File>
    <File Path="$PSRCDIR/sources_1/new/RV32IM_ALU_control.v">
      <FileInfo>
        <Attr Name="ImportPath" Val="$PPRDIR/../../riscv - Copy/riscv/riscv.srcs/sources_1/new/RV32IM_ALU_control.v"/>
        <Attr Name="ImportTime" Val="1615561006"/>
        <Attr Name="UsedIn" Val="synthesis"/>
        <Attr Name="UsedIn" Val="implementation"/>
        <Attr Name="UsedIn" Val="simulation"/>
      </FileInfo>
    </File>
    <File Path="$PSRCDIR/sources_1/new/RV32IM_BranchComparator.v">
      <FileInfo>
        <Attr Name="ImportPath" Val="$PPRDIR/../../riscv - Copy/riscv/riscv.srcs/sources_1/new/RV32IM_BranchComparator.v"/>
        <Attr Name="ImportTime" Val="1615561008"/>
        <Attr Name="UsedIn" Val="synthesis"/>
        <Attr Name="UsedIn" Val="implementation"/>
        <Attr Name="UsedIn" Val="simulation"/>
      </FileInfo>
    </File>
    <File Path="$PSRCDIR/sources_1/new/RV32IM_Controlpath_pipe.v">
      <FileInfo>
        <Attr Name="ImportPath" Val="$PPRDIR/../../riscv - Copy/riscv/riscv.srcs/sources_1/new/RV32IM_Controlpath_pipe.v"/>
        <Attr Name="ImportTime" Val="1615561006"/>
        <Attr Name="UsedIn" Val="synthesis"/>
        <Attr Name="UsedIn" Val="implementation"/>
        <Attr Name="UsedIn" Val="simulation"/>
      </FileInfo>
    </File>
    <File Path="$PSRCDIR/sources_1/new/RV32IM_DataMemory .v">
      <FileInfo>
        <Attr Name="ImportPath" Val="$PPRDIR/../../riscv - Copy/riscv/riscv.srcs/sources_1/new/RV32IM_DataMemory .v"/>
        <Attr Name="ImportTime" Val="1618654662"/>
        <Attr Name="UsedIn" Val="synthesis"/>
        <Attr Name="UsedIn" Val="implementation"/>
        <Attr Name="UsedIn" Val="simulation"/>
      </FileInfo>
    </File>
    <File Path="$PSRCDIR/sources_1/new/RV32IM_Datapath_pipe.v">
      <FileInfo>
        <Attr Name="ImportPath" Val="$PPRDIR/../../riscv - Copy/riscv/riscv.srcs/sources_1/new/RV32IM_Datapath_pipe.v"/>
        <Attr Name="ImportTime" Val="1618654640"/>
        <Attr Name="UsedIn" Val="synthesis"/>
        <Attr Name="UsedIn" Val="implementation"/>
        <Attr Name="UsedIn" Val="simulation"/>
      </FileInfo>
    </File>
    <File Path="$PSRCDIR/sources_1/new/RV32IM_InstructionMemory.v">
      <FileInfo>
        <Attr Name="ImportPath" Val="$PPRDIR/../../riscv - Copy/riscv/riscv.srcs/sources_1/new/RV32IM_InstructionMemory.v"/>
        <Attr Name="ImportTime" Val="1615561006"/>
        <Attr Name="UsedIn" Val="synthesis"/>
        <Attr Name="UsedIn" Val="implementation"/>
        <Attr Name="UsedIn" Val="simulation"/>
      </FileInfo>
    </File>
    <File Path="$PSRCDIR/sources_1/new/RV32IM_Register.v">
      <FileInfo>
        <Attr Name="ImportPath" Val="$PPRDIR/../../riscv - Copy/riscv/riscv.srcs/sources_1/new/RV32IM_Register.v"/>
        <Attr Name="ImportTime" Val="1615561006"/>
        <Attr Name="UsedIn" Val="synthesis"/>
        <Attr Name="UsedIn" Val="implementation"/>
        <Attr Name="UsedIn" Val="simulation"/>
      </FileInfo>
    </File>
    <File Path="$PPRDIR/../../riscv - Copy/riscv/riscv.srcs/sources_1/new/RV32IM_Main.v">
      <FileInfo>
        <Attr Name="UsedIn" Val="synthesis"/>
        <Attr Name="UsedIn" Val="implementation"/>
        <Attr Name="UsedIn" Val="simulation"/>
      </FileInfo>
    </File>
    <File Path="$PSRCDIR/sources_1/new/Led Show.v">
      <FileInfo>
        <Attr Name="AutoDisabled" Val="1"/>
        <Attr Name="ImportPath" Val="$PPRDIR/../../riscv - Copy/riscv/riscv.srcs/sources_1/new/Led Show.v"/>
        <Attr Name="ImportTime" Val="1618645864"/>
        <Attr Name="UsedIn" Val="synthesis"/>
        <Attr Name="UsedIn" Val="implementation"/>
        <Attr Name="UsedIn" Val="simulation"/>
      </FileInfo>
    </File>
    <File Path="$PSRCDIR/sources_1/new/debounce.v">
      <FileInfo>
        <Attr Name="AutoDisabled" Val="1"/>
        <Attr Name="ImportPath" Val="$PPRDIR/../../riscv - Copy/riscv/riscv.srcs/sources_1/new/debounce.v"/>
        <Attr Name="ImportTime" Val="1618641914"/>
        <Attr Name="UsedIn" Val="synthesis"/>
        <Attr Name="UsedIn" Val="implementation"/>
        <Attr Name="UsedIn" Val="simulation"/>
      </FileInfo>
    </File>
    <File Path="$PSRCDIR/sources_1/new/RV32IM_Main.v">
      <FileInfo>
        <Attr Name="AutoDisabled" Val="1"/>
        <Attr Name="ImportPath" Val="$PPRDIR/../../riscv - Copy/riscv/riscv.srcs/sources_1/new/RV32IM_Main.v"/>
        <Attr Name="ImportTime" Val="1618654634"/>
        <Attr Name="UsedIn" Val="simulation"/>
      </FileInfo>
    </File>
    <File Path="$PSRCDIR/sources_1/new/include.v">
      <FileInfo>
        <Attr Name="AutoDisabled" Val="1"/>
        <Attr Name="ImportPath" Val="$PPRDIR/../../riscv - Copy/riscv/riscv.srcs/sources_1/new/include.v"/>
        <Attr Name="ImportTime" Val="1615561006"/>
        <Attr Name="UsedIn" Val="synthesis"/>
        <Attr Name="UsedIn" Val="implementation"/>
        <Attr Name="UsedIn" Val="simulation"/>
      </FileInfo>
    </File>
    <File Path="$PSRCDIR/sources_1/new/RV32IM_Imm_Genarator.v">
      <FileInfo>
        <Attr Name="UserDisabled" Val="1"/>
        <Attr Name="ImportPath" Val="$PPRDIR/../../riscv - Copy/riscv/riscv.srcs/sources_1/new/RV32IM_Imm_Genarator.v"/>
        <Attr Name="ImportTime" Val="1615561006"/>
        <Attr Name="UsedIn" Val="synthesis"/>
        <Attr Name="UsedIn" Val="implementation"/>
        <Attr Name="UsedIn" Val="simulation"/>
      </FileInfo>
    </File>
    <File Path="$PSRCDIR/sources_1/new/program_test_hex_file.v">
      <FileInfo>
        <Attr Name="UserDisabled" Val="1"/>
        <Attr Name="ImportPath" Val="$PPRDIR/../../riscv - Copy/riscv/riscv.srcs/sources_1/new/program_test_hex_file.v"/>
        <Attr Name="ImportTime" Val="1615561006"/>
        <Attr Name="UsedIn" Val="synthesis"/>
        <Attr Name="UsedIn" Val="implementation"/>
        <Attr Name="UsedIn" Val="simulation"/>
      </FileInfo>
    </File>
    <Config>
      <Option Name="DesignMode" Val="RTL"/>
      <Option Name="TopModule" Val="RV32IM_Core"/>
    </Config>
  </FileSet>
  <FileSet Name="constrs_in" Type="Constrs" RelSrcDir="$PSRCDIR/constrs_1">
    <Filter Type="Constrs"/>
    <File Path="$PSRCDIR/constrs_1/new/Arty100T.xdc">
      <FileInfo>
        <Attr Name="ImportPath" Val="$PPRDIR/../../riscv - Copy/riscv/riscv.srcs/constrs_1/new/Arty100T.xdc"/>
        <Attr Name="ImportTime" Val="1617967310"/>
        <Attr Name="UsedIn" Val="synthesis"/>
        <Attr Name="UsedIn" Val="implementation"/>
      </FileInfo>
    </File>
    <Config>
      <Option Name="ConstrsType" Val="XDC"/>
    </Config>
  </FileSet>
  <FileSet Name="utils" Type="Utils" RelSrcDir="$PSRCDIR/utils_1">
    <Filter Type="Utils"/>
    <Config>
      <Option Name="TopAutoSet" Val="TRUE"/>
    </Config>
  </FileSet>
  <Strategy Version="1" Minor="2">
    <StratHandle Name="Vivado Implementation Defaults" Flow="Vivado Implementation 2018"/>
    <Step Id="init_design"/>
    <Step Id="opt_design"/>
    <Step Id="power_opt_design"/>
    <Step Id="place_design"/>
    <Step Id="post_place_power_opt_design"/>
    <Step Id="phys_opt_design"/>
    <Step Id="route_design"/>
    <Step Id="post_route_phys_opt_design"/>
    <Step Id="write_bitstream"/>
  </Strategy>
</GenRun>
