<?xml version="1.0" encoding="UTF-8"?>
<GenRun Id="synth_1" LaunchPart="xc7a100tcsg324-1" LaunchTime="1626100976">
  <File Type="PA-TCL" Name="RV32IM_Core.tcl"/>
  <File Type="RDS-PROPCONSTRS" Name="RV32IM_Core_drc_synth.rpt"/>
  <File Type="REPORTS-TCL" Name="RV32IM_Core_reports.tcl"/>
  <File Type="RDS-RDS" Name="RV32IM_Core.vds"/>
  <File Type="RDS-UTIL" Name="RV32IM_Core_utilization_synth.rpt"/>
  <File Type="RDS-UTIL-PB" Name="RV32IM_Core_utilization_synth.pb"/>
  <File Type="RDS-DCP" Name="RV32IM_Core.dcp"/>
  <File Type="VDS-TIMINGSUMMARY" Name="RV32IM_Core_timing_summary_synth.rpt"/>
  <File Type="VDS-TIMING-PB" Name="RV32IM_Core_timing_summary_synth.pb"/>
  <FileSet Name="sources" Type="DesignSrcs" RelSrcDir="$PSRCDIR/sources_1">
    <Filter Type="Srcs"/>
    <File Path="$PSRCDIR/sources_1/new/RV32IM_ALU.v">
      <FileInfo>
        <Attr Name="ImportPath" Val="$PPRDIR/../../riscv - Copy/riscv/riscv.srcs/sources_1/new/RV32IM_ALU.v"/>
        <Attr Name="ImportTime" Val="1615561006"/>
        <Attr Name="UsedIn" Val="synthesis"/>
        <Attr Name="UsedIn" Val="implementation"/>
        <Attr Name="UsedIn" Val="simulation"/>
      </FileInfo>
    </File>
    <File Path="$PSRCDIR/sources_1/new/RV32IM_ALU_control.v">
      <FileInfo>
        <Attr Name="ImportPath" Val="$PPRDIR/../../riscv - Copy/riscv/riscv.srcs/sources_1/new/RV32IM_ALU_control.v"/>
        <Attr Name="ImportTime" Val="1615561006"/>
        <Attr Name="UsedIn" Val="synthesis"/>
        <Attr Name="UsedIn" Val="implementation"/>
        <Attr Name="UsedIn" Val="simulation"/>
      </FileInfo>
    </File>
    <File Path="$PSRCDIR/sources_1/new/RV32IM_BranchComparator.v">
      <FileInfo>
        <Attr Name="ImportPath" Val="$PPRDIR/../../riscv - Copy/riscv/riscv.srcs/sources_1/new/RV32IM_BranchComparator.v"/>
        <Attr Name="ImportTime" Val="1615561008"/>
        <Attr Name="UsedIn" Val="synthesis"/>
        <Attr Name="UsedIn" Val="implementation"/>
        <Attr Name="UsedIn" Val="simulation"/>
      </FileInfo>
    </File>
    <File Path="$PSRCDIR/sources_1/new/RV32IM_Controlpath_pipe.v">
      <FileInfo>
        <Attr Name="ImportPath" Val="$PPRDIR/../../riscv - Copy/riscv/riscv.srcs/sources_1/new/RV32IM_Controlpath_pipe.v"/>
        <Attr Name="ImportTime" Val="1615561006"/>
        <Attr Name="UsedIn" Val="synthesis"/>
        <Attr Name="UsedIn" Val="implementation"/>
        <Attr Name="UsedIn" Val="simulation"/>
      </FileInfo>
    </File>
    <File Path="$PSRCDIR/sources_1/new/RV32IM_DataMemory .v">
      <FileInfo>
        <Attr Name="ImportPath" Val="$PPRDIR/../../riscv - Copy/riscv/riscv.srcs/sources_1/new/RV32IM_DataMemory .v"/>
        <Attr Name="ImportTime" Val="1618654662"/>
        <Attr Name="UsedIn" Val="synthesis"/>
        <Attr Name="UsedIn" Val="implementation"/>
        <Attr Name="UsedIn" Val="simulation"/>
      </FileInfo>
    </File>
    <File Path="$PSRCDIR/sources_1/new/RV32IM_Datapath_pipe.v">
      <FileInfo>
        <Attr Name="ImportPath" Val="$PPRDIR/../../riscv - Copy/riscv/riscv.srcs/sources_1/new/RV32IM_Datapath_pipe.v"/>
        <Attr Name="ImportTime" Val="1618654640"/>
        <Attr Name="UsedIn" Val="synthesis"/>
        <Attr Name="UsedIn" Val="implementation"/>
        <Attr Name="UsedIn" Val="simulation"/>
      </FileInfo>
    </File>
    <File Path="$PSRCDIR/sources_1/new/RV32IM_InstructionMemory.v">
      <FileInfo>
        <Attr Name="ImportPath" Val="$PPRDIR/../../riscv - Copy/riscv/riscv.srcs/sources_1/new/RV32IM_InstructionMemory.v"/>
        <Attr Name="ImportTime" Val="1615561006"/>
        <Attr Name="UsedIn" Val="synthesis"/>
        <Attr Name="UsedIn" Val="implementation"/>
        <Attr Name="UsedIn" Val="simulation"/>
      </FileInfo>
    </File>
    <File Path="$PSRCDIR/sources_1/new/RV32IM_Register.v">
      <FileInfo>
        <Attr Name="ImportPath" Val="$PPRDIR/../../riscv - Copy/riscv/riscv.srcs/sources_1/new/RV32IM_Register.v"/>
        <Attr Name="ImportTime" Val="1615561006"/>
        <Attr Name="UsedIn" Val="synthesis"/>
        <Attr Name="UsedIn" Val="implementation"/>
        <Attr Name="UsedIn" Val="simulation"/>
      </FileInfo>
    </File>
    <File Path="$PPRDIR/../../riscv - Copy/riscv/riscv.srcs/sources_1/new/RV32IM_Main.v">
      <FileInfo>
        <Attr Name="UsedIn" Val="synthesis"/>
        <Attr Name="UsedIn" Val="implementation"/>
        <Attr Name="UsedIn" Val="simulation"/>
      </FileInfo>
    </File>
    <File Path="$PSRCDIR/sources_1/new/Led Show.v">
      <FileInfo>
        <Attr Name="AutoDisabled" Val="1"/>
        <Attr Name="ImportPath" Val="$PPRDIR/../../riscv - Copy/riscv/riscv.srcs/sources_1/new/Led Show.v"/>
        <Attr Name="ImportTime" Val="1618645864"/>
        <Attr Name="UsedIn" Val="synthesis"/>
        <Attr Name="UsedIn" Val="implementation"/>
        <Attr Name="UsedIn" Val="simulation"/>
      </FileInfo>
    </File>
    <File Path="$PSRCDIR/sources_1/new/debounce.v">
      <FileInfo>
        <Attr Name="AutoDisabled" Val="1"/>
        <Attr Name="ImportPath" Val="$PPRDIR/../../riscv - Copy/riscv/riscv.srcs/sources_1/new/debounce.v"/>
        <Attr Name="ImportTime" Val="1618641914"/>
        <Attr Name="UsedIn" Val="synthesis"/>
        <Attr Name="UsedIn" Val="implementation"/>
        <Attr Name="UsedIn" Val="simulation"/>
      </FileInfo>
    </File>
    <File Path="$PSRCDIR/sources_1/new/RV32IM_Main.v">
      <FileInfo>
        <Attr Name="AutoDisabled" Val="1"/>
        <Attr Name="ImportPath" Val="$PPRDIR/../../riscv - Copy/riscv/riscv.srcs/sources_1/new/RV32IM_Main.v"/>
        <Attr Name="ImportTime" Val="1618654634"/>
        <Attr Name="UsedIn" Val="simulation"/>
      </FileInfo>
    </File>
    <File Path="$PSRCDIR/sources_1/new/include.v">
      <FileInfo>
        <Attr Name="AutoDisabled" Val="1"/>
        <Attr Name="ImportPath" Val="$PPRDIR/../../riscv - Copy/riscv/riscv.srcs/sources_1/new/include.v"/>
        <Attr Name="ImportTime" Val="1615561006"/>
        <Attr Name="UsedIn" Val="synthesis"/>
        <Attr Name="UsedIn" Val="implementation"/>
        <Attr Name="UsedIn" Val="simulation"/>
      </FileInfo>
    </File>
    <File Path="$PSRCDIR/sources_1/new/RV32IM_Imm_Genarator.v">
      <FileInfo>
        <Attr Name="UserDisabled" Val="1"/>
        <Attr Name="ImportPath" Val="$PPRDIR/../../riscv - Copy/riscv/riscv.srcs/sources_1/new/RV32IM_Imm_Genarator.v"/>
        <Attr Name="ImportTime" Val="1615561006"/>
        <Attr Name="UsedIn" Val="synthesis"/>
        <Attr Name="UsedIn" Val="implementation"/>
        <Attr Name="UsedIn" Val="simulation"/>
      </FileInfo>
    </File>
    <File Path="$PSRCDIR/sources_1/new/program_test_hex_file.v">
      <FileInfo>
        <Attr Name="UserDisabled" Val="1"/>
        <Attr Name="ImportPath" Val="$PPRDIR/../../riscv - Copy/riscv/riscv.srcs/sources_1/new/program_test_hex_file.v"/>
        <Attr Name="ImportTime" Val="1615561006"/>
        <Attr Name="UsedIn" Val="synthesis"/>
        <Attr Name="UsedIn" Val="implementation"/>
        <Attr Name="UsedIn" Val="simulation"/>
      </FileInfo>
    </File>
    <Config>
      <Option Name="DesignMode" Val="RTL"/>
      <Option Name="TopModule" Val="RV32IM_Core"/>
    </Config>
  </FileSet>
  <FileSet Name="constrs_in" Type="Constrs" RelSrcDir="$PSRCDIR/constrs_1">
    <Filter Type="Constrs"/>
    <File Path="$PSRCDIR/constrs_1/new/Arty100T.xdc">
      <FileInfo>
        <Attr Name="ImportPath" Val="$PPRDIR/../../riscv - Copy/riscv/riscv.srcs/constrs_1/new/Arty100T.xdc"/>
        <Attr Name="ImportTime" Val="1617967310"/>
        <Attr Name="UsedIn" Val="synthesis"/>
        <Attr Name="UsedIn" Val="implementation"/>
      </FileInfo>
    </File>
    <Config>
      <Option Name="ConstrsType" Val="XDC"/>
    </Config>
  </FileSet>
  <FileSet Name="utils" Type="Utils" RelSrcDir="$PSRCDIR/utils_1">
    <Filter Type="Utils"/>
    <Config>
      <Option Name="TopAutoSet" Val="TRUE"/>
    </Config>
  </FileSet>
  <Strategy Version="1" Minor="2">
    <StratHandle Name="Vivado Synthesis Defaults" Flow="Vivado Synthesis 2018"/>
    <Step Id="synth_design"/>
  </Strategy>
</GenRun>
