<?xml version="1.0" encoding="UTF-8"?>
<!-- Product Version: Vivado v2020.2 (64-bit)                     -->
<!--                                                              -->
<!-- Copyright 1986-2020 Xilinx, Inc. All Rights Reserved.        -->

<hwsession version="1" minor="2">
  <device name="xc7a100t_0" gui_info="dashboard1=hw_ila_1[xc7z020_1/hw_ila_1/Waveform=ILA_WAVE_1;xc7z020_1/hw_ila_1/Capture Setup=ILA_CAPTURE_1;xc7z020_1/hw_ila_1/Status=ILA_STATUS_1;xc7z020_1/hw_ila_1/Trigger Setup=ILA_TRIGGER_1;xc7z020_1/hw_ila_1/Settings=ILA_SETTINGS_1;]"/>
  <ObjectList object_type="hw_device" gui_info="">
    <Object name="xc7a100t_0" gui_info="">
      <Properties Property="FULL_PROBES.FILE" value=""/>
      <Properties Property="PROBES.FILE" value=""/>
      <Properties Property="PROGRAM.HW_BITSTREAM" value="$_project_name_.runs/impl_1/RV32IM_Core.bit"/>
      <Properties Property="SLR.COUNT" value="1"/>
    </Object>
    <Object name="xc7z020_1" gui_info="">
      <Properties Property="FULL_PROBES.FILE" value=""/>
      <Properties Property="PROBES.FILE" value=""/>
      <Properties Property="PROGRAM.HW_BITSTREAM" value="$_project_name_.runs/impl_1/RV32IM_Core.bit"/>
      <Properties Property="SLR.COUNT" value="1"/>
    </Object>
  </ObjectList>
  <ObjectList object_type="hw_ila" gui_info="">
    <Object name="" gui_info="">
      <Properties Property="CONTROL.TRIGGER_CONDITION" value="AND"/>
      <Properties Property="CORE_REFRESH_RATE_MS" value="500"/>
    </Object>
    <Object name="u_ila_0" gui_info="">
      <Properties Property="CONTROL.CAPTURE_MODE" value="BASIC"/>
      <Properties Property="CONTROL.TRIGGER_CONDITION" value="AND"/>
      <Properties Property="CONTROL.TRIGGER_MODE" value="BASIC_ONLY"/>
      <Properties Property="CORE_REFRESH_RATE_MS" value="500"/>
    </Object>
  </ObjectList>
  <ObjectList object_type="hw_probe" gui_info="">
    <Object name="clock_IBUF_BUFG" gui_info=""/>
    <Object name="dataMemBus[287:0]" gui_info="Capture Setup=1"/>
    <Object name="datapath/IR_IF[31:24]" gui_info="Trigger Setup=0"/>
    <Object name="led_OBUF[3:0]" gui_info="Capture Setup=0"/>
  </ObjectList>
  <ObjectList object_type="hw_sysmon" gui_info="">
    <Object name="XADC" gui_info="hw_ila_1=[TEMPERATURE=-65281;SCAN_RATE=1000;TRACK_TIME=1;]"/>
  </ObjectList>
  <probeset name="hw project" active="false">
    <probe type="ila" busType="net" source="netlist" spec="ILA_V2_RT">
      <probeOptions Id="DebugProbeParams">
        <Option Id="CAPTURE_COMPARE_VALUE" value="eq1&apos;bX"/>
        <Option Id="COMPARE_VALUE.0" value="eq1&apos;bX"/>
        <Option Id="DISPLAY_AS_ENUM" value="1"/>
        <Option Id="DISPLAY_HINT" value=""/>
        <Option Id="DISPLAY_RADIX" value="HEX"/>
        <Option Id="DISPLAY_VISIBILITY" value=""/>
        <Option Id="HW_ILA" value="hw_ila_1"/>
        <Option Id="LINK_TO_WAVEFORM" value="1"/>
        <Option Id="MAP" value="probe2[0]"/>
        <Option Id="NAME.CUSTOM" value=""/>
        <Option Id="NAME.SELECT" value="Long"/>
        <Option Id="SOURCE" value="netlist"/>
        <Option Id="TRIGGER_COMPARE_VALUE" value="eq1&apos;bX"/>
        <Option Id="WAVEFORM_STYLE" value="Digital"/>
      </probeOptions>
      <nets>
        <net name="WBSel[0]"/>
      </nets>
    </probe>
    <probe type="ila" busType="net" source="netlist" spec="ILA_V2_RT">
      <probeOptions Id="DebugProbeParams">
        <Option Id="CAPTURE_COMPARE_VALUE" value="eq5&apos;hXX"/>
        <Option Id="COMPARE_VALUE.0" value="eq5&apos;hXX"/>
        <Option Id="DISPLAY_AS_ENUM" value="1"/>
        <Option Id="DISPLAY_HINT" value=""/>
        <Option Id="DISPLAY_RADIX" value="HEX"/>
        <Option Id="DISPLAY_VISIBILITY" value=""/>
        <Option Id="HW_ILA" value="hw_ila_1"/>
        <Option Id="LINK_TO_WAVEFORM" value="1"/>
        <Option Id="MAP" value="probe0[4:0]"/>
        <Option Id="NAME.CUSTOM" value=""/>
        <Option Id="NAME.SELECT" value="Long"/>
        <Option Id="SOURCE" value="netlist"/>
        <Option Id="TRIGGER_COMPARE_VALUE" value="eq5&apos;hXX"/>
        <Option Id="WAVEFORM_STYLE" value="Digital"/>
      </probeOptions>
      <nets>
        <net name="alu_ctrl[4]"/>
        <net name="alu_ctrl[3]"/>
        <net name="alu_ctrl[2]"/>
        <net name="alu_ctrl[1]"/>
        <net name="alu_ctrl[0]"/>
      </nets>
    </probe>
    <probe type="ila" busType="net" source="netlist" spec="ILA_V2_RT">
      <probeOptions Id="DebugProbeParams">
        <Option Id="CAPTURE_COMPARE_VALUE" value="eq1&apos;bX"/>
        <Option Id="COMPARE_VALUE.0" value="eq1&apos;bX"/>
        <Option Id="DISPLAY_AS_ENUM" value="1"/>
        <Option Id="DISPLAY_HINT" value=""/>
        <Option Id="DISPLAY_RADIX" value="HEX"/>
        <Option Id="DISPLAY_VISIBILITY" value=""/>
        <Option Id="HW_ILA" value="hw_ila_1"/>
        <Option Id="LINK_TO_WAVEFORM" value="1"/>
        <Option Id="MAP" value="probe5[0]"/>
        <Option Id="NAME.CUSTOM" value=""/>
        <Option Id="NAME.SELECT" value="Long"/>
        <Option Id="SOURCE" value="netlist"/>
        <Option Id="TRIGGER_COMPARE_VALUE" value="eq1&apos;bX"/>
        <Option Id="WAVEFORM_STYLE" value="Digital"/>
      </probeOptions>
      <nets>
        <net name="branch"/>
      </nets>
    </probe>
    <probe type="ila_data" busType="net" source="netlist" spec="ILA_DATA_V2_RT">
      <probeOptions Id="DebugProbeParams">
        <Option Id="DISPLAY_AS_ENUM" value="1"/>
        <Option Id="DISPLAY_HINT" value=""/>
        <Option Id="DISPLAY_RADIX" value="HEX"/>
        <Option Id="DISPLAY_VISIBILITY" value=""/>
        <Option Id="HW_ILA" value="hw_ila_1"/>
        <Option Id="LINK_TO_WAVEFORM" value="1"/>
        <Option Id="MAP" value="probe6[0]"/>
        <Option Id="NAME.CUSTOM" value=""/>
        <Option Id="NAME.SELECT" value="Long"/>
        <Option Id="SOURCE" value="netlist"/>
        <Option Id="WAVEFORM_STYLE" value="Digital"/>
      </probeOptions>
      <nets>
        <net name="clock_IBUF_BUFG"/>
      </nets>
    </probe>
    <probe type="ila" busType="net" source="netlist" spec="ILA_V2_RT">
      <probeOptions Id="DebugProbeParams">
        <Option Id="CAPTURE_COMPARE_VALUE" value="eq1&apos;bX"/>
        <Option Id="COMPARE_VALUE.0" value="eq1&apos;bX"/>
        <Option Id="DISPLAY_AS_ENUM" value="1"/>
        <Option Id="DISPLAY_HINT" value=""/>
        <Option Id="DISPLAY_RADIX" value="HEX"/>
        <Option Id="DISPLAY_VISIBILITY" value=""/>
        <Option Id="HW_ILA" value="hw_ila_1"/>
        <Option Id="LINK_TO_WAVEFORM" value="1"/>
        <Option Id="MAP" value="probe7[0]"/>
        <Option Id="NAME.CUSTOM" value=""/>
        <Option Id="NAME.SELECT" value="Long"/>
        <Option Id="SOURCE" value="netlist"/>
        <Option Id="TRIGGER_COMPARE_VALUE" value="eq1&apos;bX"/>
        <Option Id="WAVEFORM_STYLE" value="Digital"/>
      </probeOptions>
      <nets>
        <net name="controlpath_n_3"/>
      </nets>
    </probe>
    <probe type="ila" busType="net" source="netlist" spec="ILA_V2_RT">
      <probeOptions Id="DebugProbeParams">
        <Option Id="CAPTURE_COMPARE_VALUE" value="gt288&apos;h0000_0000_0000_0000_0000_0000_0000_0000_0000_0000_0000_0000_0000_0000_0000_0000_0000_0000"/>
        <Option Id="COMPARE_VALUE.0" value="eq288&apos;hXXXX_XXXX_XXXX_XXXX_XXXX_XXXX_XXXX_XXXX_XXXX_XXXX_XXXX_XXXX_XXXX_XXXX_XXXX_XXXX_XXXX_XXXX"/>
        <Option Id="DISPLAY_AS_ENUM" value="1"/>
        <Option Id="DISPLAY_HINT" value=""/>
        <Option Id="DISPLAY_RADIX" value="HEX"/>
        <Option Id="DISPLAY_VISIBILITY" value=""/>
        <Option Id="HW_ILA" value="hw_ila_1"/>
        <Option Id="LINK_TO_WAVEFORM" value="1"/>
        <Option Id="MAP" value="probe1[287:0]"/>
        <Option Id="NAME.CUSTOM" value=""/>
        <Option Id="NAME.SELECT" value="Long"/>
        <Option Id="SOURCE" value="netlist"/>
        <Option Id="TRIGGER_COMPARE_VALUE" value="eq288&apos;hXXXX_XXXX_XXXX_XXXX_XXXX_XXXX_XXXX_XXXX_XXXX_XXXX_XXXX_XXXX_XXXX_XXXX_XXXX_XXXX_XXXX_XXXX"/>
        <Option Id="WAVEFORM_STYLE" value="Digital"/>
      </probeOptions>
      <nets>
        <net name="dataMemBus[287]"/>
        <net name="dataMemBus[286]"/>
        <net name="dataMemBus[285]"/>
        <net name="dataMemBus[284]"/>
        <net name="dataMemBus[283]"/>
        <net name="dataMemBus[282]"/>
        <net name="dataMemBus[281]"/>
        <net name="dataMemBus[280]"/>
        <net name="dataMemBus[279]"/>
        <net name="dataMemBus[278]"/>
        <net name="dataMemBus[277]"/>
        <net name="dataMemBus[276]"/>
        <net name="dataMemBus[275]"/>
        <net name="dataMemBus[274]"/>
        <net name="dataMemBus[273]"/>
        <net name="dataMemBus[272]"/>
        <net name="dataMemBus[271]"/>
        <net name="dataMemBus[270]"/>
        <net name="dataMemBus[269]"/>
        <net name="dataMemBus[268]"/>
        <net name="dataMemBus[267]"/>
        <net name="dataMemBus[266]"/>
        <net name="dataMemBus[265]"/>
        <net name="dataMemBus[264]"/>
        <net name="dataMemBus[263]"/>
        <net name="dataMemBus[262]"/>
        <net name="dataMemBus[261]"/>
        <net name="dataMemBus[260]"/>
        <net name="dataMemBus[259]"/>
        <net name="dataMemBus[258]"/>
        <net name="dataMemBus[257]"/>
        <net name="dataMemBus[256]"/>
        <net name="dataMemBus[255]"/>
        <net name="dataMemBus[254]"/>
        <net name="dataMemBus[253]"/>
        <net name="dataMemBus[252]"/>
        <net name="dataMemBus[251]"/>
        <net name="dataMemBus[250]"/>
        <net name="dataMemBus[249]"/>
        <net name="dataMemBus[248]"/>
        <net name="dataMemBus[247]"/>
        <net name="dataMemBus[246]"/>
        <net name="dataMemBus[245]"/>
        <net name="dataMemBus[244]"/>
        <net name="dataMemBus[243]"/>
        <net name="dataMemBus[242]"/>
        <net name="dataMemBus[241]"/>
        <net name="dataMemBus[240]"/>
        <net name="dataMemBus[239]"/>
        <net name="dataMemBus[238]"/>
        <net name="dataMemBus[237]"/>
        <net name="dataMemBus[236]"/>
        <net name="dataMemBus[235]"/>
        <net name="dataMemBus[234]"/>
        <net name="dataMemBus[233]"/>
        <net name="dataMemBus[232]"/>
        <net name="dataMemBus[231]"/>
        <net name="dataMemBus[230]"/>
        <net name="dataMemBus[229]"/>
        <net name="dataMemBus[228]"/>
        <net name="dataMemBus[227]"/>
        <net name="dataMemBus[226]"/>
        <net name="dataMemBus[225]"/>
        <net name="dataMemBus[224]"/>
        <net name="dataMemBus[223]"/>
        <net name="dataMemBus[222]"/>
        <net name="dataMemBus[221]"/>
        <net name="dataMemBus[220]"/>
        <net name="dataMemBus[219]"/>
        <net name="dataMemBus[218]"/>
        <net name="dataMemBus[217]"/>
        <net name="dataMemBus[216]"/>
        <net name="dataMemBus[215]"/>
        <net name="dataMemBus[214]"/>
        <net name="dataMemBus[213]"/>
        <net name="dataMemBus[212]"/>
        <net name="dataMemBus[211]"/>
        <net name="dataMemBus[210]"/>
        <net name="dataMemBus[209]"/>
        <net name="dataMemBus[208]"/>
        <net name="dataMemBus[207]"/>
        <net name="dataMemBus[206]"/>
        <net name="dataMemBus[205]"/>
        <net name="dataMemBus[204]"/>
        <net name="dataMemBus[203]"/>
        <net name="dataMemBus[202]"/>
        <net name="dataMemBus[201]"/>
        <net name="dataMemBus[200]"/>
        <net name="dataMemBus[199]"/>
        <net name="dataMemBus[198]"/>
        <net name="dataMemBus[197]"/>
        <net name="dataMemBus[196]"/>
        <net name="dataMemBus[195]"/>
        <net name="dataMemBus[194]"/>
        <net name="dataMemBus[193]"/>
        <net name="dataMemBus[192]"/>
        <net name="dataMemBus[191]"/>
        <net name="dataMemBus[190]"/>
        <net name="dataMemBus[189]"/>
        <net name="dataMemBus[188]"/>
        <net name="dataMemBus[187]"/>
        <net name="dataMemBus[186]"/>
        <net name="dataMemBus[185]"/>
        <net name="dataMemBus[184]"/>
        <net name="dataMemBus[183]"/>
        <net name="dataMemBus[182]"/>
        <net name="dataMemBus[181]"/>
        <net name="dataMemBus[180]"/>
        <net name="dataMemBus[179]"/>
        <net name="dataMemBus[178]"/>
        <net name="dataMemBus[177]"/>
        <net name="dataMemBus[176]"/>
        <net name="dataMemBus[175]"/>
        <net name="dataMemBus[174]"/>
        <net name="dataMemBus[173]"/>
        <net name="dataMemBus[172]"/>
        <net name="dataMemBus[171]"/>
        <net name="dataMemBus[170]"/>
        <net name="dataMemBus[169]"/>
        <net name="dataMemBus[168]"/>
        <net name="dataMemBus[167]"/>
        <net name="dataMemBus[166]"/>
        <net name="dataMemBus[165]"/>
        <net name="dataMemBus[164]"/>
        <net name="dataMemBus[163]"/>
        <net name="dataMemBus[162]"/>
        <net name="dataMemBus[161]"/>
        <net name="dataMemBus[160]"/>
        <net name="dataMemBus[159]"/>
        <net name="dataMemBus[158]"/>
        <net name="dataMemBus[157]"/>
        <net name="dataMemBus[156]"/>
        <net name="dataMemBus[155]"/>
        <net name="dataMemBus[154]"/>
        <net name="dataMemBus[153]"/>
        <net name="dataMemBus[152]"/>
        <net name="dataMemBus[151]"/>
        <net name="dataMemBus[150]"/>
        <net name="dataMemBus[149]"/>
        <net name="dataMemBus[148]"/>
        <net name="dataMemBus[147]"/>
        <net name="dataMemBus[146]"/>
        <net name="dataMemBus[145]"/>
        <net name="dataMemBus[144]"/>
        <net name="dataMemBus[143]"/>
        <net name="dataMemBus[142]"/>
        <net name="dataMemBus[141]"/>
        <net name="dataMemBus[140]"/>
        <net name="dataMemBus[139]"/>
        <net name="dataMemBus[138]"/>
        <net name="dataMemBus[137]"/>
        <net name="dataMemBus[136]"/>
        <net name="dataMemBus[135]"/>
        <net name="dataMemBus[134]"/>
        <net name="dataMemBus[133]"/>
        <net name="dataMemBus[132]"/>
        <net name="dataMemBus[131]"/>
        <net name="dataMemBus[130]"/>
        <net name="dataMemBus[129]"/>
        <net name="dataMemBus[128]"/>
        <net name="dataMemBus[127]"/>
        <net name="dataMemBus[126]"/>
        <net name="dataMemBus[125]"/>
        <net name="dataMemBus[124]"/>
        <net name="dataMemBus[123]"/>
        <net name="dataMemBus[122]"/>
        <net name="dataMemBus[121]"/>
        <net name="dataMemBus[120]"/>
        <net name="dataMemBus[119]"/>
        <net name="dataMemBus[118]"/>
        <net name="dataMemBus[117]"/>
        <net name="dataMemBus[116]"/>
        <net name="dataMemBus[115]"/>
        <net name="dataMemBus[114]"/>
        <net name="dataMemBus[113]"/>
        <net name="dataMemBus[112]"/>
        <net name="dataMemBus[111]"/>
        <net name="dataMemBus[110]"/>
        <net name="dataMemBus[109]"/>
        <net name="dataMemBus[108]"/>
        <net name="dataMemBus[107]"/>
        <net name="dataMemBus[106]"/>
        <net name="dataMemBus[105]"/>
        <net name="dataMemBus[104]"/>
        <net name="dataMemBus[103]"/>
        <net name="dataMemBus[102]"/>
        <net name="dataMemBus[101]"/>
        <net name="dataMemBus[100]"/>
        <net name="dataMemBus[99]"/>
        <net name="dataMemBus[98]"/>
        <net name="dataMemBus[97]"/>
        <net name="dataMemBus[96]"/>
        <net name="dataMemBus[95]"/>
        <net name="dataMemBus[94]"/>
        <net name="dataMemBus[93]"/>
        <net name="dataMemBus[92]"/>
        <net name="dataMemBus[91]"/>
        <net name="dataMemBus[90]"/>
        <net name="dataMemBus[89]"/>
        <net name="dataMemBus[88]"/>
        <net name="dataMemBus[87]"/>
        <net name="dataMemBus[86]"/>
        <net name="dataMemBus[85]"/>
        <net name="dataMemBus[84]"/>
        <net name="dataMemBus[83]"/>
        <net name="dataMemBus[82]"/>
        <net name="dataMemBus[81]"/>
        <net name="dataMemBus[80]"/>
        <net name="dataMemBus[79]"/>
        <net name="dataMemBus[78]"/>
        <net name="dataMemBus[77]"/>
        <net name="dataMemBus[76]"/>
        <net name="dataMemBus[75]"/>
        <net name="dataMemBus[74]"/>
        <net name="dataMemBus[73]"/>
        <net name="dataMemBus[72]"/>
        <net name="dataMemBus[71]"/>
        <net name="dataMemBus[70]"/>
        <net name="dataMemBus[69]"/>
        <net name="dataMemBus[68]"/>
        <net name="dataMemBus[67]"/>
        <net name="dataMemBus[66]"/>
        <net name="dataMemBus[65]"/>
        <net name="dataMemBus[64]"/>
        <net name="dataMemBus[63]"/>
        <net name="dataMemBus[62]"/>
        <net name="dataMemBus[61]"/>
        <net name="dataMemBus[60]"/>
        <net name="dataMemBus[59]"/>
        <net name="dataMemBus[58]"/>
        <net name="dataMemBus[57]"/>
        <net name="dataMemBus[56]"/>
        <net name="dataMemBus[55]"/>
        <net name="dataMemBus[54]"/>
        <net name="dataMemBus[53]"/>
        <net name="dataMemBus[52]"/>
        <net name="dataMemBus[51]"/>
        <net name="dataMemBus[50]"/>
        <net name="dataMemBus[49]"/>
        <net name="dataMemBus[48]"/>
        <net name="dataMemBus[47]"/>
        <net name="dataMemBus[46]"/>
        <net name="dataMemBus[45]"/>
        <net name="dataMemBus[44]"/>
        <net name="dataMemBus[43]"/>
        <net name="dataMemBus[42]"/>
        <net name="dataMemBus[41]"/>
        <net name="dataMemBus[40]"/>
        <net name="dataMemBus[39]"/>
        <net name="dataMemBus[38]"/>
        <net name="dataMemBus[37]"/>
        <net name="dataMemBus[36]"/>
        <net name="dataMemBus[35]"/>
        <net name="dataMemBus[34]"/>
        <net name="dataMemBus[33]"/>
        <net name="dataMemBus[32]"/>
        <net name="dataMemBus[31]"/>
        <net name="dataMemBus[30]"/>
        <net name="dataMemBus[29]"/>
        <net name="dataMemBus[28]"/>
        <net name="dataMemBus[27]"/>
        <net name="dataMemBus[26]"/>
        <net name="dataMemBus[25]"/>
        <net name="dataMemBus[24]"/>
        <net name="dataMemBus[23]"/>
        <net name="dataMemBus[22]"/>
        <net name="dataMemBus[21]"/>
        <net name="dataMemBus[20]"/>
        <net name="dataMemBus[19]"/>
        <net name="dataMemBus[18]"/>
        <net name="dataMemBus[17]"/>
        <net name="dataMemBus[16]"/>
        <net name="dataMemBus[15]"/>
        <net name="dataMemBus[14]"/>
        <net name="dataMemBus[13]"/>
        <net name="dataMemBus[12]"/>
        <net name="dataMemBus[11]"/>
        <net name="dataMemBus[10]"/>
        <net name="dataMemBus[9]"/>
        <net name="dataMemBus[8]"/>
        <net name="dataMemBus[7]"/>
        <net name="dataMemBus[6]"/>
        <net name="dataMemBus[5]"/>
        <net name="dataMemBus[4]"/>
        <net name="dataMemBus[3]"/>
        <net name="dataMemBus[2]"/>
        <net name="dataMemBus[1]"/>
        <net name="dataMemBus[0]"/>
      </nets>
    </probe>
    <probe type="ila" busType="net" source="netlist" spec="ILA_V2_RT">
      <probeOptions Id="DebugProbeParams">
        <Option Id="CAPTURE_COMPARE_VALUE" value="eq8&apos;hXX"/>
        <Option Id="COMPARE_VALUE.0" value="gt8&apos;b0000_0000"/>
        <Option Id="DISPLAY_AS_ENUM" value="1"/>
        <Option Id="DISPLAY_HINT" value=""/>
        <Option Id="DISPLAY_RADIX" value="HEX"/>
        <Option Id="DISPLAY_VISIBILITY" value=""/>
        <Option Id="HW_ILA" value="hw_ila_1"/>
        <Option Id="LINK_TO_WAVEFORM" value="1"/>
        <Option Id="MAP" value="probe0[12:5]"/>
        <Option Id="NAME.CUSTOM" value=""/>
        <Option Id="NAME.SELECT" value="Long"/>
        <Option Id="SOURCE" value="netlist"/>
        <Option Id="TRIGGER_COMPARE_VALUE" value="gt8&apos;b0000_0000"/>
        <Option Id="WAVEFORM_STYLE" value="Digital"/>
      </probeOptions>
      <nets>
        <net name="datapath/IR_IF[31]"/>
        <net name="datapath/IR_IF[30]"/>
        <net name="datapath/IR_IF[29]"/>
        <net name="datapath/IR_IF[28]"/>
        <net name="datapath/IR_IF[27]"/>
        <net name="datapath/IR_IF[26]"/>
        <net name="datapath/IR_IF[25]"/>
        <net name="datapath/IR_IF[24]"/>
      </nets>
    </probe>
    <probe type="ila" busType="net" source="netlist" spec="ILA_V2_RT">
      <probeOptions Id="DebugProbeParams">
        <Option Id="CAPTURE_COMPARE_VALUE" value="eq12&apos;hXXX"/>
        <Option Id="COMPARE_VALUE.0" value="eq12&apos;hXXX"/>
        <Option Id="DISPLAY_AS_ENUM" value="1"/>
        <Option Id="DISPLAY_HINT" value=""/>
        <Option Id="DISPLAY_RADIX" value="HEX"/>
        <Option Id="DISPLAY_VISIBILITY" value=""/>
        <Option Id="HW_ILA" value="hw_ila_1"/>
        <Option Id="LINK_TO_WAVEFORM" value="1"/>
        <Option Id="MAP" value="probe2[24:13]"/>
        <Option Id="NAME.CUSTOM" value=""/>
        <Option Id="NAME.SELECT" value="Long"/>
        <Option Id="SOURCE" value="netlist"/>
        <Option Id="TRIGGER_COMPARE_VALUE" value="eq12&apos;hXXX"/>
        <Option Id="WAVEFORM_STYLE" value="Digital"/>
      </probeOptions>
      <nets>
        <net name="datapath/IR_IF[31]"/>
        <net name="datapath/IR_IF[30]"/>
        <net name="datapath/IR_IF[29]"/>
        <net name="datapath/IR_IF[28]"/>
        <net name="datapath/IR_IF[27]"/>
        <net name="datapath/IR_IF[26]"/>
        <net name="datapath/IR_IF[25]"/>
        <net name="datapath/IR_IF[24]"/>
        <net name="datapath/IR_IF[23]"/>
        <net name="datapath/IR_IF[22]"/>
        <net name="datapath/IR_IF[21]"/>
        <net name="datapath/IR_IF[20]"/>
      </nets>
    </probe>
    <probe type="ila" busType="net" source="netlist" spec="ILA_V2_RT">
      <probeOptions Id="DebugProbeParams">
        <Option Id="CAPTURE_COMPARE_VALUE" value="eq1&apos;bX"/>
        <Option Id="COMPARE_VALUE.0" value="eq1&apos;bX"/>
        <Option Id="DISPLAY_AS_ENUM" value="1"/>
        <Option Id="DISPLAY_HINT" value=""/>
        <Option Id="DISPLAY_RADIX" value="HEX"/>
        <Option Id="DISPLAY_VISIBILITY" value=""/>
        <Option Id="HW_ILA" value="hw_ila_1"/>
        <Option Id="LINK_TO_WAVEFORM" value="1"/>
        <Option Id="MAP" value="probe0[0]"/>
        <Option Id="NAME.CUSTOM" value=""/>
        <Option Id="NAME.SELECT" value="Long"/>
        <Option Id="SOURCE" value="netlist"/>
        <Option Id="TRIGGER_COMPARE_VALUE" value="eq1&apos;bX"/>
        <Option Id="WAVEFORM_STYLE" value="Digital"/>
      </probeOptions>
      <nets>
        <net name="datapath/IR_IF_1[6]"/>
      </nets>
    </probe>
    <probe type="ila" busType="net" source="netlist" spec="ILA_V2_RT">
      <probeOptions Id="DebugProbeParams">
        <Option Id="CAPTURE_COMPARE_VALUE" value="eq6&apos;hXX"/>
        <Option Id="COMPARE_VALUE.0" value="eq6&apos;hXX"/>
        <Option Id="DISPLAY_AS_ENUM" value="1"/>
        <Option Id="DISPLAY_HINT" value=""/>
        <Option Id="DISPLAY_RADIX" value="HEX"/>
        <Option Id="DISPLAY_VISIBILITY" value=""/>
        <Option Id="HW_ILA" value="hw_ila_1"/>
        <Option Id="LINK_TO_WAVEFORM" value="1"/>
        <Option Id="MAP" value="probe2[5:0]"/>
        <Option Id="NAME.CUSTOM" value=""/>
        <Option Id="NAME.SELECT" value="Long"/>
        <Option Id="SOURCE" value="netlist"/>
        <Option Id="TRIGGER_COMPARE_VALUE" value="eq6&apos;hXX"/>
        <Option Id="WAVEFORM_STYLE" value="Digital"/>
      </probeOptions>
      <nets>
        <net name="datapath/IR_IF_1[9]"/>
        <net name="datapath/IR_IF_1[8]"/>
        <net name="datapath/IR_IF_1[7]"/>
        <net name="datapath/IR_IF_1[6]"/>
        <net name="datapath/IR_IF_1[5]"/>
        <net name="datapath/IR_IF_1[4]"/>
      </nets>
    </probe>
    <probe type="ila" busType="net" source="netlist" spec="ILA_V2_RT">
      <probeOptions Id="DebugProbeParams">
        <Option Id="CAPTURE_COMPARE_VALUE" value="eq2&apos;hX"/>
        <Option Id="COMPARE_VALUE.0" value="eq2&apos;hX"/>
        <Option Id="DISPLAY_AS_ENUM" value="1"/>
        <Option Id="DISPLAY_HINT" value=""/>
        <Option Id="DISPLAY_RADIX" value="HEX"/>
        <Option Id="DISPLAY_VISIBILITY" value=""/>
        <Option Id="HW_ILA" value="hw_ila_1"/>
        <Option Id="LINK_TO_WAVEFORM" value="1"/>
        <Option Id="MAP" value="probe0[2:1]"/>
        <Option Id="NAME.CUSTOM" value=""/>
        <Option Id="NAME.SELECT" value="Long"/>
        <Option Id="SOURCE" value="netlist"/>
        <Option Id="TRIGGER_COMPARE_VALUE" value="eq2&apos;hX"/>
        <Option Id="WAVEFORM_STYLE" value="Digital"/>
      </probeOptions>
      <nets>
        <net name="datapath/IR_IF_2[12]"/>
        <net name="datapath/IR_IF_2[11]"/>
      </nets>
    </probe>
    <probe type="ila" busType="net" source="netlist" spec="ILA_V2_RT">
      <probeOptions Id="DebugProbeParams">
        <Option Id="CAPTURE_COMPARE_VALUE" value="eq7&apos;hXX"/>
        <Option Id="COMPARE_VALUE.0" value="eq7&apos;hXX"/>
        <Option Id="DISPLAY_AS_ENUM" value="1"/>
        <Option Id="DISPLAY_HINT" value=""/>
        <Option Id="DISPLAY_RADIX" value="HEX"/>
        <Option Id="DISPLAY_VISIBILITY" value=""/>
        <Option Id="HW_ILA" value="hw_ila_1"/>
        <Option Id="LINK_TO_WAVEFORM" value="1"/>
        <Option Id="MAP" value="probe2[12:6]"/>
        <Option Id="NAME.CUSTOM" value=""/>
        <Option Id="NAME.SELECT" value="Long"/>
        <Option Id="SOURCE" value="netlist"/>
        <Option Id="TRIGGER_COMPARE_VALUE" value="eq7&apos;hXX"/>
        <Option Id="WAVEFORM_STYLE" value="Digital"/>
      </probeOptions>
      <nets>
        <net name="datapath/IR_IF_2[17]"/>
        <net name="datapath/IR_IF_2[16]"/>
        <net name="datapath/IR_IF_2[15]"/>
        <net name="datapath/IR_IF_2[14]"/>
        <net name="datapath/IR_IF_2[13]"/>
        <net name="datapath/IR_IF_2[12]"/>
        <net name="datapath/IR_IF_2[11]"/>
      </nets>
    </probe>
    <probe type="ila" busType="net" source="netlist" spec="ILA_V2_RT">
      <probeOptions Id="DebugProbeParams">
        <Option Id="CAPTURE_COMPARE_VALUE" value="eq1&apos;bX"/>
        <Option Id="COMPARE_VALUE.0" value="eq1&apos;bX"/>
        <Option Id="DISPLAY_AS_ENUM" value="1"/>
        <Option Id="DISPLAY_HINT" value=""/>
        <Option Id="DISPLAY_RADIX" value="HEX"/>
        <Option Id="DISPLAY_VISIBILITY" value=""/>
        <Option Id="HW_ILA" value="hw_ila_1"/>
        <Option Id="LINK_TO_WAVEFORM" value="1"/>
        <Option Id="MAP" value="probe0[3]"/>
        <Option Id="NAME.CUSTOM" value=""/>
        <Option Id="NAME.SELECT" value="Long"/>
        <Option Id="SOURCE" value="netlist"/>
        <Option Id="TRIGGER_COMPARE_VALUE" value="eq1&apos;bX"/>
        <Option Id="WAVEFORM_STYLE" value="Digital"/>
      </probeOptions>
      <nets>
        <net name="datapath/IR_IF_3[20]"/>
      </nets>
    </probe>
    <probe type="ila" busType="net" source="netlist" spec="ILA_V2_RT">
      <probeOptions Id="DebugProbeParams">
        <Option Id="CAPTURE_COMPARE_VALUE" value="eq1&apos;bX"/>
        <Option Id="COMPARE_VALUE.0" value="eq1&apos;bX"/>
        <Option Id="DISPLAY_AS_ENUM" value="1"/>
        <Option Id="DISPLAY_HINT" value=""/>
        <Option Id="DISPLAY_RADIX" value="HEX"/>
        <Option Id="DISPLAY_VISIBILITY" value=""/>
        <Option Id="HW_ILA" value="hw_ila_1"/>
        <Option Id="LINK_TO_WAVEFORM" value="1"/>
        <Option Id="MAP" value="probe0[4]"/>
        <Option Id="NAME.CUSTOM" value=""/>
        <Option Id="NAME.SELECT" value="Long"/>
        <Option Id="SOURCE" value="netlist"/>
        <Option Id="TRIGGER_COMPARE_VALUE" value="eq1&apos;bX"/>
        <Option Id="WAVEFORM_STYLE" value="Digital"/>
      </probeOptions>
      <nets>
        <net name="datapath/IR_IF_4[22]"/>
      </nets>
    </probe>
    <probe type="ila" busType="net" source="netlist" spec="ILA_V2_RT">
      <probeOptions Id="DebugProbeParams">
        <Option Id="CAPTURE_COMPARE_VALUE" value="eq1&apos;bX"/>
        <Option Id="COMPARE_VALUE.0" value="eq1&apos;bX"/>
        <Option Id="DISPLAY_AS_ENUM" value="1"/>
        <Option Id="DISPLAY_HINT" value=""/>
        <Option Id="DISPLAY_RADIX" value="HEX"/>
        <Option Id="DISPLAY_VISIBILITY" value=""/>
        <Option Id="HW_ILA" value="hw_ila_1"/>
        <Option Id="LINK_TO_WAVEFORM" value="1"/>
        <Option Id="MAP" value="probe1[0]"/>
        <Option Id="NAME.CUSTOM" value=""/>
        <Option Id="NAME.SELECT" value="Long"/>
        <Option Id="SOURCE" value="netlist"/>
        <Option Id="TRIGGER_COMPARE_VALUE" value="eq1&apos;bX"/>
        <Option Id="WAVEFORM_STYLE" value="Digital"/>
      </probeOptions>
      <nets>
        <net name="datapath/WBSel[0]"/>
      </nets>
    </probe>
    <probe type="ila" busType="net" source="netlist" spec="ILA_V2_RT">
      <probeOptions Id="DebugProbeParams">
        <Option Id="CAPTURE_COMPARE_VALUE" value="eq32&apos;hXXXX_XXXX"/>
        <Option Id="COMPARE_VALUE.0" value="eq32&apos;hXXXX_XXXX"/>
        <Option Id="DISPLAY_AS_ENUM" value="1"/>
        <Option Id="DISPLAY_HINT" value=""/>
        <Option Id="DISPLAY_RADIX" value="HEX"/>
        <Option Id="DISPLAY_VISIBILITY" value=""/>
        <Option Id="HW_ILA" value="hw_ila_1"/>
        <Option Id="LINK_TO_WAVEFORM" value="1"/>
        <Option Id="MAP" value="probe4[31:0]"/>
        <Option Id="NAME.CUSTOM" value=""/>
        <Option Id="NAME.SELECT" value="Long"/>
        <Option Id="SOURCE" value="netlist"/>
        <Option Id="TRIGGER_COMPARE_VALUE" value="eq32&apos;hXXXX_XXXX"/>
        <Option Id="WAVEFORM_STYLE" value="Digital"/>
      </probeOptions>
      <nets>
        <net name="instr[31]"/>
        <net name="instr[30]"/>
        <net name="instr[29]"/>
        <net name="instr[28]"/>
        <net name="instr[27]"/>
        <net name="instr[26]"/>
        <net name="instr[25]"/>
        <net name="instr[24]"/>
        <net name="instr[23]"/>
        <net name="instr[22]"/>
        <net name="instr[21]"/>
        <net name="instr[20]"/>
        <net name="instr[19]"/>
        <net name="instr[18]"/>
        <net name="instr[17]"/>
        <net name="instr[16]"/>
        <net name="instr[15]"/>
        <net name="instr[14]"/>
        <net name="instr[13]"/>
        <net name="instr[12]"/>
        <net name="instr[11]"/>
        <net name="instr[10]"/>
        <net name="instr[9]"/>
        <net name="instr[8]"/>
        <net name="instr[7]"/>
        <net name="instr[6]"/>
        <net name="instr[5]"/>
        <net name="instr[4]"/>
        <net name="instr[3]"/>
        <net name="instr[2]"/>
        <net name="instr[1]"/>
        <net name="instr[0]"/>
      </nets>
    </probe>
    <probe type="ila" busType="net" source="netlist" spec="ILA_V2_RT">
      <probeOptions Id="DebugProbeParams">
        <Option Id="CAPTURE_COMPARE_VALUE" value="gt4&apos;b0000"/>
        <Option Id="COMPARE_VALUE.0" value="eq4&apos;hX"/>
        <Option Id="DISPLAY_AS_ENUM" value="1"/>
        <Option Id="DISPLAY_HINT" value=""/>
        <Option Id="DISPLAY_RADIX" value="HEX"/>
        <Option Id="DISPLAY_VISIBILITY" value=""/>
        <Option Id="HW_ILA" value="hw_ila_1"/>
        <Option Id="LINK_TO_WAVEFORM" value="1"/>
        <Option Id="MAP" value="probe3[3:0]"/>
        <Option Id="NAME.CUSTOM" value=""/>
        <Option Id="NAME.SELECT" value="Long"/>
        <Option Id="SOURCE" value="netlist"/>
        <Option Id="TRIGGER_COMPARE_VALUE" value="eq4&apos;hX"/>
        <Option Id="WAVEFORM_STYLE" value="Digital"/>
      </probeOptions>
      <nets>
        <net name="led_OBUF[3]"/>
        <net name="led_OBUF[2]"/>
        <net name="led_OBUF[1]"/>
        <net name="led_OBUF[0]"/>
      </nets>
    </probe>
    <probe type="ila" busType="net" source="netlist" spec="ILA_V2_RT">
      <probeOptions Id="DebugProbeParams">
        <Option Id="CAPTURE_COMPARE_VALUE" value="eq1&apos;bX"/>
        <Option Id="COMPARE_VALUE.0" value="eq1&apos;bX"/>
        <Option Id="DISPLAY_AS_ENUM" value="1"/>
        <Option Id="DISPLAY_HINT" value=""/>
        <Option Id="DISPLAY_RADIX" value="HEX"/>
        <Option Id="DISPLAY_VISIBILITY" value=""/>
        <Option Id="HW_ILA" value="hw_ila_1"/>
        <Option Id="LINK_TO_WAVEFORM" value="1"/>
        <Option Id="MAP" value="probe8[0]"/>
        <Option Id="NAME.CUSTOM" value=""/>
        <Option Id="NAME.SELECT" value="Long"/>
        <Option Id="SOURCE" value="netlist"/>
        <Option Id="TRIGGER_COMPARE_VALUE" value="eq1&apos;bX"/>
        <Option Id="WAVEFORM_STYLE" value="Digital"/>
      </probeOptions>
      <nets>
        <net name="mem_wr_en"/>
      </nets>
    </probe>
    <probe type="ila" busType="net" source="netlist" spec="ILA_V2_RT">
      <probeOptions Id="DebugProbeParams">
        <Option Id="CAPTURE_COMPARE_VALUE" value="eq1&apos;bX"/>
        <Option Id="COMPARE_VALUE.0" value="eq1&apos;bX"/>
        <Option Id="DISPLAY_AS_ENUM" value="1"/>
        <Option Id="DISPLAY_HINT" value=""/>
        <Option Id="DISPLAY_RADIX" value="HEX"/>
        <Option Id="DISPLAY_VISIBILITY" value=""/>
        <Option Id="HW_ILA" value="hw_ila_1"/>
        <Option Id="LINK_TO_WAVEFORM" value="1"/>
        <Option Id="MAP" value="probe9[0]"/>
        <Option Id="NAME.CUSTOM" value=""/>
        <Option Id="NAME.SELECT" value="Long"/>
        <Option Id="SOURCE" value="netlist"/>
        <Option Id="TRIGGER_COMPARE_VALUE" value="eq1&apos;bX"/>
        <Option Id="WAVEFORM_STYLE" value="Digital"/>
      </probeOptions>
      <nets>
        <net name="wr_en"/>
      </nets>
    </probe>
  </probeset>
</hwsession>
